area_fips,own_code,industry_code,agglvl_code,annual_avg_estabs
01000,5,11,54,1533
01000,5,21,54,371
01000,5,22,54,520
01000,5,23,54,12972
01000,5,31-33,54,7233
01000,5,42,54,10213
01000,5,44-45,54,19458
01000,5,48-49,54,4839
01000,5,51,54,4884
01000,5,52,54,10044
01000,5,53,54,6662
01000,5,54,54,21178
01000,5,55,54,993
01000,5,56,54,9659
01000,5,61,54,1709
01000,5,62,54,21985
01000,5,71,54,1726
01000,5,72,54,11694
01000,5,81,54,9882
01000,5,99,54,131
02000,5,11,54,277
02000,5,21,54,241
02000,5,22,54,116
02000,5,23,54,2611
02000,5,31-33,54,665
02000,5,42,54,702
02000,5,44-45,54,2352
02000,5,48-49,54,1230
02000,5,51,54,484
02000,5,52,54,876
02000,5,53,54,722
02000,5,54,54,3096
02000,5,55,54,198
02000,5,56,54,1660
02000,5,61,54,426
02000,5,62,54,2493
02000,5,71,54,669
02000,5,72,54,2160
02000,5,81,54,1844
02000,5,99,54,552
04000,5,11,54,1199
04000,5,21,54,298
04000,5,22,54,334
04000,5,23,54,18865
04000,5,31-33,54,6227
04000,5,42,54,15338
04000,5,44-45,54,16959
04000,5,48-49,54,5467
04000,5,51,54,5577
04000,5,52,54,13441
04000,5,53,54,13185
04000,5,54,54,39714
04000,5,55,54,5848
04000,5,56,54,14643
04000,5,61,54,3656
04000,5,62,54,22754
04000,5,71,54,3230
04000,5,72,54,13984
04000,5,81,54,13736
04000,5,99,54,8644
05000,5,11,54,2126
05000,5,21,54,384
05000,5,22,54,443
05000,5,23,54,8907
05000,5,31-33,54,2941
05000,5,42,54,8590
05000,5,44-45,54,11048
05000,5,48-49,54,3388
05000,5,51,54,2302
05000,5,52,54,6427
05000,5,53,54,4294
05000,5,54,54,15762
05000,5,55,54,566
05000,5,56,54,8222
05000,5,61,54,1451
05000,5,62,54,13602
05000,5,71,54,1204
05000,5,72,54,7113
05000,5,81,54,6894
06000,5,11,54,16318
06000,5,21,54,789
06000,5,22,54,1927
06000,5,23,54,96643
06000,5,31-33,54,44125
06000,5,42,54,62356
06000,5,44-45,54,106458
06000,5,48-49,54,40407
06000,5,51,54,29859
06000,5,52,54,51776
06000,5,53,54,66612
06000,5,54,54,187002
06000,5,55,54,4882
06000,5,56,54,59334
06000,5,61,54,20158
06000,5,62,54,804405
06000,5,71,54,35219
06000,5,72,54,96121
06000,5,81,54,106912
06000,5,99,54,9175
08000,5,11,54,1760
08000,5,21,54,1184
08000,5,22,54,458
08000,5,23,54,21188
08000,5,31-33,54,5645
08000,5,42,54,14554
08000,5,44-45,54,17858
08000,5,48-49,54,4614
08000,5,51,54,6308
08000,5,52,54,13844
08000,5,53,54,14463
08000,5,54,54,56606
08000,5,55,54,4175
08000,5,56,54,13335
08000,5,61,54,4553
08000,5,62,54,24598
08000,5,71,54,4131
08000,5,72,54,14900
08000,5,81,54,18776
08000,5,99,54,3460
09000,5,11,54,469
09000,5,21,54,76
09000,5,22,54,210
09000,5,23,54,9735
09000,5,31-33,54,4418
09000,5,42,54,10408
09000,5,44-45,54,12492
09000,5,48-49,54,2468
09000,5,51,54,4940
09000,5,52,54,8894
09000,5,53,54,4139
09000,5,54,54,22946
09000,5,55,54,2097
09000,5,56,54,10576
09000,5,61,54,2786
09000,5,62,54,22424
09000,5,71,54,2288
09000,5,72,54,9668
09000,5,81,54,12882
09000,5,99,54,1756
10000,5,11,54,199
10000,5,21,54,10
10000,5,22,54,80
10000,5,23,54,3792
10000,5,31-33,54,833
10000,5,42,54,3005
10000,5,44-45,54,3848
10000,5,48-49,54,1167
10000,5,51,54,1207
10000,5,52,54,2636
10000,5,53,54,1312
10000,5,54,54,9969
10000,5,55,54,921
10000,5,56,54,5178
10000,5,61,54,711
10000,5,62,54,6552
10000,5,71,54,599
10000,5,72,54,2595
10000,5,81,54,2502
10000,5,99,54,5
11000,5,11,54,2
11000,5,22,54,39
11000,5,23,54,1331
11000,5,31-33,54,220
11000,5,42,54,1818
11000,5,44-45,54,1970
11000,5,48-49,54,344
11000,5,51,54,2378
11000,5,52,54,1889
11000,5,53,54,1614
11000,5,54,54,14454
11000,5,55,54,630
11000,5,56,54,3349
11000,5,61,54,1467
11000,5,62,54,5486
11000,5,71,54,700
11000,5,72,54,2938
11000,5,81,54,10053
11000,5,99,54,212
12000,5,11,54,5354
12000,5,21,54,518
12000,5,22,54,1640
12000,5,23,54,86656
12000,5,31-33,54,27136
12000,5,42,54,41398
12000,5,44-45,54,83056
12000,5,48-49,54,21962
12000,5,51,54,19056
12000,5,52,54,45276
12000,5,53,54,50246
12000,5,54,54,149129
12000,5,55,54,7915
12000,5,56,54,65996
12000,5,61,54,12432
12000,5,62,54,95995
12000,5,71,54,13956
12000,5,72,54,54236
12000,5,81,54,61790
12000,5,99,54,18447
13000,5,11,54,2785
13000,5,21,54,288
13000,5,22,54,651
13000,5,23,54,28744
13000,5,31-33,54,13591
13000,5,42,54,21147
13000,5,44-45,54,38582
13000,5,48-49,54,11097
13000,5,51,54,10524
13000,5,52,54,20102
13000,5,53,54,17032
13000,5,54,54,59849
13000,5,55,54,2049
13000,5,56,54,24735
13000,5,61,54,5094
13000,5,62,54,37190
13000,5,71,54,5518
13000,5,72,54,27143
13000,5,81,54,24048
13000,5,99,54,36410
15000,5,11,54,556
15000,5,21,54,14
15000,5,22,54,113
15000,5,23,54,4494
15000,5,31-33,54,1196
15000,5,42,54,2146
15000,5,44-45,54,4642
15000,5,48-49,54,1337
15000,5,51,54,1628
15000,5,52,54,2010
15000,5,53,54,2274
15000,5,54,54,6728
15000,5,55,54,477
15000,5,56,54,3557
15000,5,61,54,1147
15000,5,62,54,6208
15000,5,71,54,973
15000,5,72,54,5200
15000,5,81,54,4969
15000,5,99,54,10103
16000,5,11,54,2704
16000,5,21,54,262
16000,5,22,54,380
16000,5,23,54,13193
16000,5,31-33,54,4221
16000,5,42,54,5425
16000,5,44-45,54,7046
16000,5,48-49,54,2893
16000,5,51,54,2898
16000,5,52,54,5405
16000,5,53,54,4135
16000,5,54,54,15614
16000,5,55,54,690
16000,5,56,54,6442
16000,5,61,54,1740
16000,5,62,54,12614
16000,5,71,54,1470
16000,5,72,54,5346
16000,5,81,54,5747
16000,5,99,54,818
17000,5,11,54,2728
17000,5,21,54,602
17000,5,22,54,841
17000,5,23,54,31950
17000,5,31-33,54,19262
17000,5,42,54,21877
17000,5,44-45,54,34208
17000,5,48-49,54,20560
17000,5,51,54,9674
17000,5,52,54,19961
17000,5,53,54,13668
17000,5,54,54,60822
17000,5,55,54,1782
17000,5,56,54,21220
17000,5,61,54,5852
17000,5,62,54,37337
17000,5,71,54,6076
17000,5,72,54,28458
17000,5,81,54,33500
17000,5,99,54,606
18000,5,11,54,2208
18000,5,21,54,304
18000,5,22,54,616
18000,5,23,54,17198
18000,5,31-33,54,9473
18000,5,42,54,14955
18000,5,44-45,54,21057
18000,5,48-49,54,6953
18000,5,51,54,3360
18000,5,52,54,11840
18000,5,53,54,8330
18000,5,54,54,27288
18000,5,55,54,1415
18000,5,56,54,12378
18000,5,61,54,2566
18000,5,62,54,18544
18000,5,71,54,2672
18000,5,72,54,14809
18000,5,81,54,14534
18000,5,99,54,143
19000,5,11,54,2814
19000,5,21,54,192
19000,5,22,54,353
19000,5,23,54,9441
19000,5,31-33,54,4235
19000,5,42,54,7729
19000,5,44-45,54,10940
19000,5,48-49,54,3940
19000,5,51,54,2606
19000,5,52,54,7448
19000,5,53,54,3730
19000,5,54,54,12616
19000,5,55,54,2169
19000,5,56,54,6209
19000,5,61,54,1449
19000,5,62,54,12877
19000,5,71,54,1532
19000,5,72,54,7435
19000,5,81,54,7556
20000,5,11,54,1952
20000,5,21,54,818
20000,5,22,54,262
20000,5,23,54,7501
20000,5,31-33,54,3522
20000,5,42,54,7143
20000,5,44-45,54,8836
20000,5,48-49,54,2848
20000,5,51,54,2734
20000,5,52,54,6330
20000,5,53,54,3043
20000,5,54,54,14191
20000,5,55,54,875
20000,5,56,54,6994
20000,5,61,54,1126
20000,5,62,54,11416
20000,5,71,54,1020
20000,5,72,54,6229
20000,5,81,54,6236
21000,5,11,54,1505
21000,5,21,54,432
21000,5,22,54,448
21000,5,23,54,12089
21000,5,31-33,54,7460
21000,5,42,54,8272
21000,5,44-45,54,17312
21000,5,48-49,54,4690
21000,5,51,54,4347
21000,5,52,54,8876
21000,5,53,54,5785
21000,5,54,54,22396
21000,5,55,54,984
21000,5,56,54,9300
21000,5,61,54,2003
21000,5,62,54,25195
21000,5,71,54,2032
21000,5,72,54,10107
21000,5,81,54,10594
21000,5,99,54,1107
22000,5,11,54,1491
22000,5,21,54,1498
22000,5,22,54,534
22000,5,23,54,12964
22000,5,31-33,54,4581
22000,5,42,54,8566
22000,5,44-45,54,18910
22000,5,48-49,54,5366
22000,5,51,54,2894
22000,5,52,54,9142
22000,5,53,54,6238
22000,5,54,54,21863
22000,5,55,54,1627
22000,5,56,54,9907
22000,5,61,54,2057
22000,5,62,54,18463
22000,5,71,54,2298
22000,5,72,54,13016
22000,5,81,54,10051
22000,5,99,54,84
23000,5,11,54,1628
23000,5,21,54,37
23000,5,22,54,137
23000,5,23,54,6466
23000,5,31-33,54,1844
23000,5,42,54,2941
23000,5,44-45,54,5933
23000,5,48-49,54,1345
23000,5,51,54,1795
23000,5,52,54,2399
23000,5,53,54,2110
23000,5,54,54,11070
23000,5,55,54,2556
23000,5,56,54,4007
23000,5,61,54,922
23000,5,62,54,5615
23000,5,71,54,1018
23000,5,72,54,4447
23000,5,81,54,3980
23000,5,99,54,3266
24000,5,11,54,898
24000,5,21,54,133
24000,5,22,54,450
24000,5,23,54,16418
24000,5,31-33,54,5215
24000,5,42,54,8452
24000,5,44-45,54,17447
24000,5,48-49,54,4571
24000,5,51,54,6061
24000,5,52,54,9262
24000,5,53,54,7968
24000,5,54,54,40457
24000,5,55,54,1527
24000,5,56,54,12940
24000,5,61,54,4344
24000,5,62,54,22538
24000,5,71,54,3140
24000,5,72,54,13029
24000,5,81,54,20650
24000,5,99,54,123
25000,5,11,54,1036
25000,5,21,54,101
25000,5,22,54,527
25000,5,23,54,22668
25000,5,31-33,54,7218
25000,5,42,54,13925
25000,5,44-45,54,21738
25000,5,48-49,54,4714
25000,5,51,54,10023
25000,5,52,54,11997
25000,5,53,54,8343
25000,5,54,54,43758
25000,5,55,54,1664
25000,5,56,54,15351
25000,5,61,54,4994
25000,5,62,54,74286
25000,5,71,54,4222
25000,5,72,54,16826
25000,5,81,54,24203
25000,5,99,54,292
26000,5,11,54,3697
26000,5,21,54,499
26000,5,22,54,695
26000,5,23,54,24742
26000,5,31-33,54,20734
26000,5,42,54,14420
26000,5,44-45,54,32617
26000,5,48-49,54,8691
26000,5,51,54,10193
26000,5,52,54,15877
26000,5,53,54,9220
26000,5,54,54,45783
26000,5,55,54,1675
26000,5,56,54,18072
26000,5,61,54,4684
26000,5,62,54,37736
26000,5,71,54,4605
26000,5,72,54,21614
26000,5,81,54,26964
26000,5,99,54,4472
27000,5,11,54,3320
27000,5,21,54,263
27000,5,22,54,516
27000,5,23,54,18342
27000,5,31-33,54,8374
27000,5,42,54,15764
27000,5,44-45,54,17529
27000,5,48-49,54,5320
27000,5,51,54,7616
27000,5,52,54,11314
27000,5,53,54,6812
27000,5,54,54,30003
27000,5,55,54,2624
27000,5,56,54,10578
27000,5,61,54,3639
27000,5,62,54,27047
27000,5,71,54,3935
27000,5,72,54,12737
27000,5,81,54,19934
28000,5,11,54,1712
28000,5,21,54,402
28000,5,22,54,558
28000,5,23,54,7089
28000,5,31-33,54,2399
28000,5,42,54,5605
28000,5,44-45,54,12369
28000,5,48-49,54,3486
28000,5,51,54,1512
28000,5,52,54,5886
28000,5,53,54,3184
28000,5,54,54,12142
28000,5,55,54,892
28000,5,56,54,6705
28000,5,61,54,1030
28000,5,62,54,8571
28000,5,71,54,909
28000,5,72,54,7038
28000,5,81,54,5397
29000,5,11,54,2131
29000,5,21,54,330
29000,5,22,54,560
29000,5,23,54,17468
29000,5,31-33,54,8864
29000,5,42,54,12283
29000,5,44-45,54,20606
29000,5,48-49,54,6448
29000,5,51,54,5982
29000,5,52,54,13532
29000,5,53,54,7887
29000,5,54,54,29564
29000,5,55,54,1910
29000,5,56,54,12192
29000,5,61,54,2649
29000,5,62,54,70706
29000,5,71,54,2899
29000,5,72,54,14107
29000,5,81,54,13781
29000,5,99,54,169
30000,5,11,54,1392
30000,5,21,54,496
30000,5,22,54,240
30000,5,23,54,7631
30000,5,31-33,54,1846
30000,5,42,54,3218
30000,5,44-45,54,4560
30000,5,48-49,54,1568
30000,5,51,54,1124
30000,5,52,54,2949
30000,5,53,54,2253
30000,5,54,54,9832
30000,5,55,54,318
30000,5,56,54,3850
30000,5,61,54,900
30000,5,62,54,5200
30000,5,71,54,1572
30000,5,72,54,3790
30000,5,81,54,4462
30000,5,99,54,1676
31000,5,11,54,2635
31000,5,21,54,125
31000,5,22,54,138
31000,5,23,54,7728
31000,5,31-33,54,1900
31000,5,42,54,5678
31000,5,44-45,54,6730
31000,5,48-49,54,2641
31000,5,51,54,1762
31000,5,52,54,5134
31000,5,53,54,2797
31000,5,54,54,10018
31000,5,55,54,1476
31000,5,56,54,5063
31000,5,61,54,826
31000,5,62,54,8688
31000,5,71,54,1054
31000,5,72,54,4946
31000,5,81,54,4852
32000,5,11,54,388
32000,5,21,54,244
32000,5,22,54,130
32000,5,23,54,7011
32000,5,31-33,54,2179
32000,5,42,54,5065
32000,5,44-45,54,8469
32000,5,48-49,54,2649
32000,5,51,54,3844
32000,5,52,54,5310
32000,5,53,54,5400
32000,5,54,54,16906
32000,5,55,54,6990
32000,5,56,54,7392
32000,5,61,54,1345
32000,5,62,54,10417
32000,5,71,54,2430
32000,5,72,54,7824
32000,5,81,54,5902
32000,5,99,54,6654
33000,5,11,54,288
33000,5,21,54,59
33000,5,22,54,118
33000,5,23,54,5490
33000,5,31-33,54,2037
33000,5,42,54,5653
33000,5,44-45,54,5638
33000,5,48-49,54,1074
33000,5,51,54,1638
33000,5,52,54,2991
33000,5,53,54,1548
33000,5,54,54,13074
33000,5,55,54,1204
33000,5,56,54,6384
33000,5,61,54,1276
33000,5,62,54,4725
33000,5,71,54,999
33000,5,72,54,4005
33000,5,81,54,4567
33000,5,99,54,1462
34000,5,11,54,910
34000,5,21,54,130
34000,5,22,54,472
34000,5,23,54,21799
34000,5,31-33,54,9684
34000,5,42,54,16078
34000,5,44-45,54,29048
34000,5,48-49,54,8106
34000,5,51,54,5816
34000,5,52,54,13091
34000,5,53,54,9300
34000,5,54,54,40522
34000,5,55,54,1717
34000,5,56,54,18694
34000,5,61,54,4762
34000,5,62,54,62227
34000,5,71,54,4414
34000,5,72,54,21971
34000,5,81,54,25134
34000,5,99,54,29808
35000,5,11,54,914
35000,5,21,54,1063
35000,5,22,54,302
35000,5,23,54,5535
35000,5,31-33,54,1514
35000,5,42,54,3038
35000,5,44-45,54,6402
35000,5,48-49,54,1628
35000,5,51,54,2013
35000,5,52,54,3395
35000,5,53,54,2697
35000,5,54,54,8898
35000,5,55,54,510
35000,5,56,54,4357
35000,5,61,54,1199
35000,5,62,54,11333
35000,5,71,54,850
35000,5,72,54,4498
35000,5,81,54,4546
35000,5,99,54,0
36000,5,11,54,3405
36000,5,21,54,384
36000,5,22,54,892
36000,5,23,54,50991
36000,5,31-33,54,17608
36000,5,42,54,32071
36000,5,44-45,54,68580
36000,5,48-49,54,13886
36000,5,51,54,19070
36000,5,52,54,29708
36000,5,53,54,36536
36000,5,54,54,89678
36000,5,55,54,5439
36000,5,56,54,37970
36000,5,61,54,11003
36000,5,62,54,61617
36000,5,71,54,15020
36000,5,72,54,54163
36000,5,81,54,68334
36000,5,99,54,76661
37000,5,11,54,3164
37000,5,21,54,241
37000,5,22,54,786
37000,5,23,54,34804
37000,5,31-33,54,11128
37000,5,42,54,21864
37000,5,44-45,54,36621
37000,5,48-49,54,9128
37000,5,51,54,9512
37000,5,52,54,18691
37000,5,53,54,17552
37000,5,54,54,58112
37000,5,55,54,2456
37000,5,56,54,25906
37000,5,61,54,5296
37000,5,62,54,35048
37000,5,71,54,5536
37000,5,72,54,25511
37000,5,81,54,28066
37000,5,99,54,1208
38000,5,11,54,1228
38000,5,21,54,662
38000,5,22,54,160
38000,5,23,54,3907
38000,5,31-33,54,884
38000,5,42,54,2905
38000,5,44-45,54,3149
38000,5,48-49,54,1620
38000,5,51,54,783
38000,5,52,54,2195
38000,5,53,54,1134
38000,5,54,54,3949
38000,5,55,54,676
38000,5,56,54,2166
38000,5,61,54,351
38000,5,62,54,3562
38000,5,71,54,544
38000,5,72,54,2210
38000,5,81,54,2240
39000,5,11,54,2065
39000,5,21,54,744
39000,5,22,54,794
39000,5,23,54,26285
39000,5,31-33,54,16512
39000,5,42,54,24434
39000,5,44-45,54,35811
39000,5,48-49,54,10742
39000,5,51,54,8836
39000,5,52,54,18876
39000,5,53,54,13778
39000,5,54,54,47856
39000,5,55,54,3180
39000,5,56,54,21611
39000,5,61,54,4400
39000,5,62,54,38305
39000,5,71,54,4918
39000,5,72,54,26945
39000,5,81,54,26492
39000,5,99,54,158
40000,5,11,54,1284
40000,5,21,54,2658
40000,5,22,54,476
40000,5,23,54,11272
40000,5,31-33,54,4092
40000,5,42,54,8216
40000,5,44-45,54,13519
40000,5,48-49,54,3454
40000,5,51,54,3073
40000,5,52,54,8446
40000,5,53,54,5126
40000,5,54,54,18058
40000,5,55,54,684
40000,5,56,54,10350
40000,5,61,54,1524
40000,5,62,54,13358
40000,5,71,54,1540
40000,5,72,54,8845
40000,5,81,54,7114
40000,5,99,54,53
41000,5,11,54,4816
41000,5,21,54,155
41000,5,22,54,321
41000,5,23,54,17239
41000,5,31-33,54,6994
41000,5,42,54,9135
41000,5,44-45,54,13964
41000,5,48-49,54,3938
41000,5,51,54,7227
41000,5,52,54,7540
41000,5,53,54,7014
41000,5,54,54,25533
41000,5,55,54,1586
41000,5,56,54,9494
41000,5,61,54,2917
41000,5,62,54,22258
41000,5,71,54,2508
41000,5,72,54,12960
41000,5,81,54,15313
41000,5,99,54,778
42000,5,11,54,2594
42000,5,21,54,1093
42000,5,22,54,724
42000,5,23,54,30594
42000,5,31-33,54,14597
42000,5,42,54,22844
42000,5,44-45,54,39462
42000,5,48-49,54,11147
42000,5,51,54,9601
42000,5,52,54,20564
42000,5,53,54,12657
42000,5,54,54,54358
42000,5,55,54,7257
42000,5,56,54,20461
42000,5,61,54,6152
42000,5,62,54,52438
42000,5,71,54,6034
42000,5,72,54,28819
42000,5,81,54,35233
44000,5,11,54,196
44000,5,21,54,15
44000,5,22,54,83
44000,5,23,54,4088
44000,5,31-33,54,1428
44000,5,42,54,3565
44000,5,44-45,54,3837
44000,5,48-49,54,933
44000,5,51,54,1555
44000,5,52,54,2384
44000,5,53,54,1427
44000,5,54,54,9457
44000,5,55,54,276
44000,5,56,54,3949
44000,5,61,54,1060
44000,5,62,54,5876
44000,5,71,54,786
44000,5,72,54,3317
44000,5,81,54,4120
44000,5,99,54,186
45000,5,11,54,1408
45000,5,21,54,219
45000,5,22,54,703
45000,5,23,54,16194
45000,5,31-33,54,9640
45000,5,42,54,10340
45000,5,44-45,54,20696
45000,5,48-49,54,5085
45000,5,51,54,5748
45000,5,52,54,11552
45000,5,53,54,8992
45000,5,54,54,33532
45000,5,55,54,1866
45000,5,56,54,12696
45000,5,61,54,2732
45000,5,62,54,19591
45000,5,71,54,2833
45000,5,72,54,13364
45000,5,81,54,12050
45000,5,99,54,130
46000,5,11,54,1267
46000,5,21,54,89
46000,5,22,54,174
46000,5,23,54,4489
46000,5,31-33,54,1039
46000,5,42,54,3162
46000,5,44-45,54,3798
46000,5,48-49,54,1417
46000,5,51,54,956
46000,5,52,54,2789
46000,5,53,54,1375
46000,5,54,54,5636
46000,5,55,54,230
46000,5,56,54,2530
46000,5,61,54,519
46000,5,62,54,3056
46000,5,71,54,759
46000,5,72,54,2630
46000,5,81,54,2576
46000,5,99,54,4
47000,5,11,54,1060
47000,5,21,54,269
47000,5,22,54,338
47000,5,23,54,16569
47000,5,31-33,54,9444
47000,5,42,54,13481
47000,5,44-45,54,24711
47000,5,48-49,54,6174
47000,5,51,54,8940
47000,5,52,54,13516
47000,5,53,54,8051
47000,5,54,54,29005
47000,5,55,54,1608
47000,5,56,54,12956
47000,5,61,54,2873
47000,5,62,54,23017
47000,5,71,54,4012
47000,5,72,54,16336
47000,5,81,54,13941
47000,5,99,54,3642
48000,5,11,54,10081
48000,5,21,54,8785
48000,5,22,54,2563
48000,5,23,54,65395
48000,5,31-33,54,30778
48000,5,42,54,48069
48000,5,44-45,54,85614
48000,5,48-49,54,26358
48000,5,51,54,15704
48000,5,52,54,49220
48000,5,53,54,44318
48000,5,54,54,135145
48000,5,55,54,4993
48000,5,56,54,49557
48000,5,61,54,11276
48000,5,62,54,104157
48000,5,71,54,10919
48000,5,72,54,66482
48000,5,81,54,61872
48000,5,99,54,8667
49000,5,11,54,627
49000,5,21,54,590
49000,5,22,54,369
49000,5,23,54,15806
49000,5,31-33,54,5852
49000,5,42,54,6871
49000,5,44-45,54,10792
49000,5,48-49,54,3334
49000,5,51,54,5034
49000,5,52,54,7889
49000,5,53,54,6834
49000,5,54,54,27969
49000,5,55,54,1584
49000,5,56,54,9266
49000,5,61,54,2444
49000,5,62,54,14161
49000,5,71,54,1984
49000,5,72,54,7406
49000,5,81,54,8460
49000,5,99,54,72
50000,5,11,54,562
50000,5,21,54,47
50000,5,22,54,62
50000,5,23,54,3054
50000,5,31-33,54,1100
50000,5,42,54,1651
50000,5,44-45,54,2898
50000,5,48-49,54,544
50000,5,51,54,1259
50000,5,52,54,1343
50000,5,53,54,762
50000,5,54,54,6756
50000,5,55,54,336
50000,5,56,54,3097
50000,5,61,54,850
50000,5,62,54,2322
50000,5,71,54,562
50000,5,72,54,1924
50000,5,81,54,2330
50000,5,99,54,238
51000,5,11,54,1920
51000,5,21,54,325
51000,5,22,54,646
51000,5,23,54,22740
51000,5,31-33,54,9117
51000,5,42,54,11058
51000,5,44-45,54,25734
51000,5,48-49,54,6568
51000,5,51,54,6604
51000,5,52,54,13854
51000,5,53,54,12541
51000,5,54,54,56300
51000,5,55,54,2816
51000,5,56,54,17522
51000,5,61,54,4652
51000,5,62,54,53370
51000,5,71,54,4062
51000,5,72,54,19492
51000,5,81,54,29717
51000,5,99,54,11388
53000,5,11,54,5656
53000,5,21,54,152
53000,5,22,54,333
53000,5,23,54,27540
53000,5,31-33,54,8196
53000,5,42,54,13044
53000,5,44-45,54,19610
53000,5,48-49,54,5344
53000,5,51,54,9024
53000,5,52,54,10776
53000,5,53,54,8397
53000,5,54,54,40974
53000,5,55,54,838
53000,5,56,54,15013
53000,5,61,54,4276
53000,5,62,54,25470
53000,5,71,54,3494
53000,5,72,54,18546
53000,5,81,54,20497
53000,5,99,54,6
54000,5,11,54,408
54000,5,21,54,635
54000,5,22,54,288
54000,5,23,54,4734
54000,5,31-33,54,1418
54000,5,42,54,3157
54000,5,44-45,54,6374
54000,5,48-49,54,1620
54000,5,51,54,1418
54000,5,52,54,3086
54000,5,53,54,1859
54000,5,54,54,8081
54000,5,55,54,515
54000,5,56,54,4673
54000,5,61,54,652
54000,5,62,54,10726
54000,5,71,54,1050
54000,5,72,54,3944
54000,5,81,54,3832
54000,5,99,54,164
55000,5,11,54,2882
55000,5,21,54,192
55000,5,22,54,316
55000,5,23,54,16313
55000,5,31-33,54,8690
55000,5,42,54,13788
55000,5,44-45,54,17634
55000,5,48-49,54,6028
55000,5,51,54,3562
55000,5,52,54,10550
55000,5,53,54,6466
55000,5,54,54,23780
55000,5,55,54,3245
55000,5,56,54,10850
55000,5,61,54,2167
55000,5,62,54,39068
55000,5,71,54,2882
55000,5,72,54,15178
55000,5,81,54,13084
56000,5,11,54,547
56000,5,21,54,854
56000,5,22,54,136
56000,5,23,54,3551
56000,5,31-33,54,628
56000,5,42,54,1416
56000,5,44-45,54,2420
56000,5,48-49,54,1014
56000,5,51,54,833
56000,5,52,54,1663
56000,5,53,54,1109
56000,5,54,54,4352
56000,5,55,54,330
56000,5,56,54,2205
56000,5,61,54,462
56000,5,62,54,3452
56000,5,71,54,503
56000,5,72,54,2014
56000,5,81,54,1721
56000,5,99,54,24
72000,5,11,54,1559
72000,5,21,54,37
72000,5,22,54,83
72000,5,23,54,2760
72000,5,31-33,54,2136
72000,5,42,54,2311
72000,5,44-45,54,9303
72000,5,48-49,54,1102
72000,5,51,54,589
72000,5,52,54,1822
72000,5,53,54,1763
72000,5,54,54,6348
72000,5,55,54,160
72000,5,56,54,1911
72000,5,61,54,792
72000,5,62,54,8222
72000,5,71,54,599
72000,5,72,54,5800
72000,5,81,54,3736
72000,5,99,54,3
78000,5,11,54,8
78000,5,21,54,5
78000,5,22,54,7
78000,5,23,54,220
78000,5,31-33,54,51
78000,5,42,54,60
78000,5,44-45,54,433
78000,5,48-49,54,135
78000,5,51,54,34
78000,5,52,54,123
78000,5,53,54,203
78000,5,54,54,389
78000,5,55,54,12
78000,5,56,54,226
78000,5,61,54,47
78000,5,62,54,210
78000,5,71,54,62
78000,5,72,54,316
78000,5,81,54,226
78000,5,99,54,100
